{
  "test_loss": 0.04588868306244923,
  "test_accuracy": 0.9889908256880734,
  "test_precision_weighted": 0.9898970664175217,
  "test_recall_weighted": 0.9889908256880734,
  "test_f1_weighted": 0.9893155450871807,
  "test_precision_macro": 0.9042006774390583,
  "test_recall_macro": 0.9548867873435124,
  "test_f1_macro": 0.9279029887310142,
  "class_labels": [
    "n",
    "y"
  ],
  "confusion_matrix": [
    [
      1561,
      13
    ],
    [
      5,
      56
    ]
  ],
  "source_model_path": "trained_models/resnet18_finetune_best.pt",
  "best_val_accuracy": 0.9951308581862447,
  "best_epoch": 17
}