{
  "train_loss": [
    0.11351728307406546,
    0.09763512189916412,
    0.08840722483993345,
    0.0807901614734904,
    0.07560635629075241,
    0.07029273164383662,
    0.06606998865899077,
    0.06161570683404181,
    0.05748936940672295,
    0.054235977190465266,
    0.05138624391005817,
    0.0491444784794781,
    0.04555277231434103
  ],
  "train_acc": [
    0.9570564145039573,
    0.9625926053745628,
    0.9663284557334806,
    0.96981409902448,
    0.971856018774158,
    0.9742603073808209,
    0.9761095389287686,
    0.9776395407693723,
    0.9797533591017854,
    0.9809123642554758,
    0.9822036628013988,
    0.9828910132523467,
    0.9844440226394258
  ],
  "val_loss": [
    0.03650987114759309,
    0.04196376093279494,
    0.02831464667614658,
    0.029890766986741202,
    0.03755769927620771,
    0.04428087103875312,
    0.03481698702245211,
    0.03264062186007859,
    0.03982532525830927,
    0.04267128748440474,
    0.0361054018733595,
    0.03530495904864263,
    0.041036030740960384
  ],
  "val_acc": [
    0.9935275080906149,
    0.9902912621359223,
    0.9930960086299893,
    0.9924487594390508,
    0.9898597626752966,
    0.9883495145631068,
    0.9911542610571736,
    0.992017259978425,
    0.9887810140237324,
    0.9889967637540453,
    0.992017259978425,
    0.9902912621359223,
    0.9892125134843581
  ]
}