{
  "loss": [
    0.4336307191021725,
    0.31492835240412553,
    0.2922738948122531,
    0.29895178441924264,
    0.2921304616845072,
    0.3367181570939362,
    0.390492119295232,
    0.30539532658214075,
    0.2816274381689748,
    0.28292095121252747,
    0.27635638666965834
  ],
  "accuracy": [
    0.7673841492085053,
    0.8548142730264876,
    0.8737004336241576,
    0.8694948017344967,
    0.8755812131027637,
    0.8481531790397576,
    0.8109816624000836,
    0.8481531790397576,
    0.8685282900579907,
    0.8726033122616373,
    0.8743012381798234
  ],
  "val_loss": [
    0.19070503284082446,
    0.14327558365364787,
    0.15240022753161558,
    0.14076371828226766,
    0.18617768714553606,
    0.1657133631349263,
    0.1531123320050016,
    0.13920321680006825,
    0.1547336769445486,
    0.15417817079621393,
    0.15873170907629616
  ],
  "val_accuracy": [
    0.9646987218502739,
    0.9646987218502739,
    0.9646987218502739,
    0.9646987218502739,
    0.9646987218502739,
    0.9646987218502739,
    0.9646987218502739,
    0.9646987218502739,
    0.9646987218502739,
    0.9646987218502739,
    0.9646987218502739
  ],
  "val_recall": [
    0.9646987218502739,
    0.9646987218502739,
    0.9646987218502739,
    0.9646987218502739,
    0.9646987218502739,
    0.9646987218502739,
    0.9646987218502739,
    0.9646987218502739,
    0.9646987218502739,
    0.9646987218502739,
    0.9646987218502739
  ],
  "val_precision": [
    0.9306436239395521,
    0.9306436239395521,
    0.9306436239395521,
    0.9306436239395521,
    0.9306436239395521,
    0.9306436239395521,
    0.9306436239395521,
    0.9306436239395521,
    0.9306436239395521,
    0.9306436239395521,
    0.9306436239395521
  ],
  "val_f1": [
    0.9473652256088501,
    0.9473652256088501,
    0.9473652256088501,
    0.9473652256088501,
    0.9473652256088501,
    0.9473652256088501,
    0.9473652256088501,
    0.9473652256088501,
    0.9473652256088501,
    0.9473652256088501,
    0.9473652256088501
  ]
}