{
  "train_loss": [
    0.12333977495741362,
    0.11014746178235539,
    0.10735976770462768,
    0.10206962553055461,
    0.1005808347652016,
    0.09911173350382392,
    0.09711721948727459,
    0.09648424109863653,
    0.09615768910437417,
    0.09417843296433584,
    0.09605549247154312,
    0.09428497228037633,
    0.09294665691515257,
    0.09200449235147727,
    0.09326229895857883,
    0.09280607437611232,
    0.09126824129070651,
    0.09177005078574425,
    0.09295006312343332,
    0.09179283943829593,
    0.09012424961750817,
    0.09231137534491363,
    0.09020551115640003,
    0.08964756355276322,
    0.08894907126812573,
    0.09109699325737065,
    0.0883203772966971,
    0.09001788645293443,
    0.08968390279522197,
    0.0882160019555608,
    0.09025698137850191,
    0.08713511739495869,
    0.08689166633783048,
    0.0880335457682498,
    0.08635519853659687,
    0.08679928707849337,
    0.08619215898523494,
    0.08509542908210964,
    0.08528305741921548,
    0.08718844784274053,
    0.08358808026334001,
    0.08467676662828923,
    0.08566856189468397,
    0.08476139416021557,
    0.08277111655091231,
    0.08367725242869077,
    0.08460174215047381,
    0.08149156677677963,
    0.08324493729248926,
    0.08144207270917005,
    0.08289777456374872,
    0.08164434232774945,
    0.08089594796256443,
    0.08160665424586695,
    0.0805394966722526,
    0.07935989444637503
  ],
  "train_acc": [
    0.9578721295225509,
    0.9622914257393028,
    0.9635442480312792,
    0.9654992014978798,
    0.9658846852800265,
    0.9670962057382014,
    0.966917231125062,
    0.9666694201222534,
    0.9663803072856435,
    0.9684040971419131,
    0.9673853185748114,
    0.9676331295776199,
    0.9680599151935679,
    0.9688584173137287,
    0.9677295005231565,
    0.969051159204802,
    0.9691337628724048,
    0.9680874497494355,
    0.9687482790902583,
    0.9679910788038989,
    0.968624373588854,
    0.9678534060245608,
    0.9687758136461259,
    0.9691062283165373,
    0.969409108431081,
    0.9688033482019935,
    0.9691612974282725,
    0.9691475301503387,
    0.9687482790902583,
    0.9696156176000881,
    0.9687758136461259,
    0.9696156176000881,
    0.9694641775428162,
    0.969546781210419,
    0.9696844539897571,
    0.9704141197202489,
    0.9703590506085137,
    0.9704141197202489,
    0.9706481634451236,
    0.9691062283165373,
    0.9703865851643813,
    0.9704416542761165,
    0.9703728178864475,
    0.9693815738752134,
    0.9711024836169393,
    0.9704554215540503,
    0.9708546726141307,
    0.9707583016685941,
    0.970620628889256,
    0.9709648108376012,
    0.9707720689465279,
    0.9707445343906603,
    0.9708959744479322,
    0.9708409053361969,
    0.9710198799493364,
    0.9715155019549535
  ],
  "val_loss": [
    0.06280782647905024,
    0.11054874697226015,
    0.05370492501760071,
    0.07935698769478636,
    0.06201727103712884,
    0.06613308083299886,
    0.06280542113090103,
    0.06613467779789459,
    0.06494917159121145,
    0.0669404246546328,
    0.0639127202479338,
    0.0592932350886139,
    0.056971441961994225,
    0.05571717400950464,
    0.059739598448472944,
    0.06017581402374939,
    0.05778495580906218,
    0.05699989631467245,
    0.05750209972939708,
    0.05324219027567993,
    0.05154583601687442,
    0.049033134282989936,
    0.05589113642986525,
    0.057545895574275745,
    0.06128196022608741,
    0.047811841102486305,
    0.0466133731498637,
    0.0550946010242809,
    0.049601411821659315,
    0.05757261493209411,
    0.054612469243393705,
    0.055521512117575514,
    0.05549122515676374,
    0.04167235912179405,
    0.04869395941292698,
    0.05064334253611212,
    0.04269561663303863,
    0.043346264839511026,
    0.0569093514370986,
    0.05121115710332312,
    0.05647917478937994,
    0.06136663185500286,
    0.047528655485673386,
    0.05150453454797918,
    0.05147100951217792,
    0.05549775990809907,
    0.04892115740461106,
    0.054185918895189054,
    0.04359793420169841,
    0.04783724767579274,
    0.0428724881962619,
    0.042284890872511,
    0.04286738898198713,
    0.045388368521732364,
    0.04118767798793587,
    0.04620802316205068
  ],
  "val_acc": [
    0.9898181818181818,
    0.9650909090909091,
    0.9854545454545455,
    0.978909090909091,
    0.984,
    0.9818181818181818,
    0.978909090909091,
    0.978909090909091,
    0.9796363636363636,
    0.9803636363636363,
    0.9818181818181818,
    0.9810909090909091,
    0.9818181818181818,
    0.9832727272727273,
    0.9810909090909091,
    0.9803636363636363,
    0.984,
    0.9832727272727273,
    0.984,
    0.9825454545454545,
    0.984,
    0.9861818181818182,
    0.9825454545454545,
    0.9818181818181818,
    0.978909090909091,
    0.9861818181818182,
    0.9847272727272727,
    0.9796363636363636,
    0.984,
    0.9810909090909091,
    0.9832727272727273,
    0.9818181818181818,
    0.9803636363636363,
    0.9876363636363636,
    0.984,
    0.9832727272727273,
    0.9861818181818182,
    0.9861818181818182,
    0.9781818181818182,
    0.9854545454545455,
    0.9832727272727273,
    0.9796363636363636,
    0.9847272727272727,
    0.9825454545454545,
    0.9825454545454545,
    0.9818181818181818,
    0.9847272727272727,
    0.9810909090909091,
    0.986909090909091,
    0.9861818181818182,
    0.9876363636363636,
    0.986909090909091,
    0.9876363636363636,
    0.9854545454545455,
    0.986909090909091,
    0.9854545454545455
  ]
}