{
  "test_loss": 0.05726422347848089,
  "test_accuracy": 0.9893432465923172,
  "test_precision_weighted": 0.9898099683498764,
  "test_recall_weighted": 0.9893432465923172,
  "test_f1_weighted": 0.9895330533985836,
  "test_precision_macro": 0.9102763379367347,
  "test_recall_macro": 0.9405872904074343,
  "test_f1_macro": 0.9248434427901815,
  "best_val_accuracy": 0.9939135727328059,
  "best_epoch": 6,
  "checkpoint_path": "trained_models/resnet18_finetune_onthefly_checkpoint.pt",
  "best_model_path": "trained_models/resnet18_finetune_onthefly_best.pt",
  "class_labels": [
    "n",
    "y"
  ],
  "confusion_matrix": [
    [
      3865,
      27
    ],
    [
      16,
      127
    ]
  ],
  "train_original_class_counts": {
    "n": 24618,
    "y": 5477
  },
  "train_effective_class_counts": {
    "n": 49236,
    "y": 54770
  }
}