{
  "loss": [
    0.263469997908832,
    0.13722585502684115,
    0.11583145969466349,
    0.1020502781715371,
    0.0718587432447345,
    0.06893929809151773,
    0.06256935071270191,
    0.05882469042042715,
    0.05468232572982948,
    0.0517185215716421,
    0.039704601984633714,
    0.037300112584922135,
    0.038891513344961624,
    0.03461363353473703,
    0.03079058924183512,
    0.03248021668363345
  ],
  "accuracy": [
    0.8978605650090864,
    0.9531224186353874,
    0.9620986838482295,
    0.9669447656809296,
    0.9766231620683958,
    0.9767057657359987,
    0.9785230464232612,
    0.9796244286579657,
    0.981028691007214,
    0.9824191860785285,
    0.9857508673385098,
    0.9863703948455311,
    0.9867834131835453,
    0.9880087009196542,
    0.9890550140426235,
    0.9887108320942783
  ],
  "val_loss": [
    0.08693671561371197,
    0.057565402017398314,
    0.08267804458872838,
    0.07524836563814262,
    0.03305540612136776,
    0.018351754055781797,
    0.020633610284463925,
    0.030628060147843576,
    0.03794337319565767,
    0.012155372001908043,
    0.04179812938692472,
    0.01863131603395397,
    0.042779878053814176,
    0.022602079499004918,
    0.032672188628549606,
    0.012911328900351442
  ],
  "val_accuracy": [
    0.9796363636363636,
    0.9818181818181818,
    0.9796363636363636,
    0.9810909090909091,
    0.992,
    0.9963636363636363,
    0.9963636363636363,
    0.9890909090909091,
    0.9898181818181818,
    0.9949090909090909,
    0.9861818181818182,
    0.9963636363636363,
    0.9847272727272727,
    0.9941818181818182,
    0.9876363636363636,
    0.9963636363636363
  ],
  "val_recall": [
    0.9796363636363636,
    0.9818181818181818,
    0.9796363636363636,
    0.9810909090909091,
    0.992,
    0.9963636363636363,
    0.9963636363636363,
    0.9890909090909091,
    0.9898181818181818,
    0.9949090909090909,
    0.9861818181818182,
    0.9963636363636363,
    0.9847272727272727,
    0.9941818181818182,
    0.9876363636363636,
    0.9963636363636363
  ],
  "val_precision": [
    0.9798809178163346,
    0.9824449492374022,
    0.9810526209207169,
    0.9824633044580936,
    0.992014006608752,
    0.9963797549967762,
    0.9963709637645932,
    0.9891562261268144,
    0.9902400785533099,
    0.9949029865655464,
    0.986997946009569,
    0.9963597824812043,
    0.9857345482743365,
    0.9942448005524414,
    0.9880406364158586,
    0.9963597824812043
  ],
  "val_f1": [
    0.9797288770053477,
    0.9819938482114164,
    0.9799614997252112,
    0.9813928211734103,
    0.9920061390548855,
    0.9963494567180481,
    0.9963664268431299,
    0.989115889083652,
    0.9899092290774331,
    0.9949051631868376,
    0.986354564938828,
    0.9963608308477411,
    0.9849395423687499,
    0.9941995342383353,
    0.9877379774153866,
    0.9963608308477411
  ]
}