{
  "train_loss": [
    0.11229242351194572
  ],
  "train_acc": [
    0.9610248361693926
  ],
  "val_loss": [
    0.05375220654180951
  ],
  "val_acc": [
    0.9883636363636363
  ]
}