{
  "train_loss": [
    0.14216637087541417,
    0.1120192451718075,
    0.10617321813801381,
    0.1009738121405651,
    0.09807236780342943,
    0.0947214663028717,
    0.09328295863174133,
    0.08721589298413317,
    0.08336506357827039,
    0.08020235731084924,
    0.07653487693579471,
    0.07427179742814848,
    0.0679680823682653,
    0.06647617021110758,
    0.06508615488128801,
    0.058518000517060846,
    0.05485958912713497,
    0.0527619972031136,
    0.050219440300065095,
    0.046509918395450205,
    0.04655843687825624,
    0.04273246236159067,
    0.039097187877759905,
    0.03739420960374,
    0.03679177119567963,
    0.033174880754833665,
    0.03282699118519307
  ],
  "train_acc": [
    0.94720514571949,
    0.962033242258652,
    0.9643385701275046,
    0.964537795992714,
    0.9656477686703097,
    0.9665869763205829,
    0.9670992714025501,
    0.9688069216757741,
    0.9695184426229508,
    0.9711691712204007,
    0.9724499089253188,
    0.972933743169399,
    0.9746983151183971,
    0.9751536885245902,
    0.9756659836065574,
    0.9773451730418944,
    0.9794797358834244,
    0.9795366575591985,
    0.9812443078324226,
    0.98224043715847,
    0.9825535063752276,
    0.9845742258652095,
    0.9859972677595629,
    0.9862818761384335,
    0.9859403460837887,
    0.9875056921675774,
    0.9872780054644809
  ],
  "val_loss": [
    0.04508692932467569,
    0.03637628832561048,
    0.046670064587484704,
    0.029486549206416714,
    0.12755971457733012,
    0.03997914019972086,
    0.030343084682456473,
    0.03655919439565729,
    0.04335631317950108,
    0.06553093901496719,
    0.04793659912490032,
    0.04841187961958349,
    0.04770610132474791,
    0.03487255030057647,
    0.05235684697804126,
    0.050480576257136735,
    0.048965116144581274,
    0.04818203061006286,
    0.06409037095528435,
    0.05422229921343652,
    0.051756838273257014,
    0.053814091187309135,
    0.0472034633918242,
    0.06386630074950782,
    0.03644561230831526,
    0.05113196018405936,
    0.030594986007972197
  ],
  "val_acc": [
    0.9854545454545455,
    0.9905454545454545,
    0.9861818181818182,
    0.9912727272727273,
    0.9585454545454546,
    0.9905454545454545,
    0.9927272727272727,
    0.9890909090909091,
    0.9861818181818182,
    0.9781818181818182,
    0.9832727272727273,
    0.9861818181818182,
    0.9883636363636363,
    0.9890909090909091,
    0.9847272727272727,
    0.9854545454545455,
    0.9876363636363636,
    0.9861818181818182,
    0.9803636363636363,
    0.9832727272727273,
    0.9854545454545455,
    0.9847272727272727,
    0.9861818181818182,
    0.9803636363636363,
    0.9890909090909091,
    0.986909090909091,
    0.9890909090909091
  ]
}