{
  "train_loss": [
    0.1983846637951024
  ],
  "train_acc": [
    0.9225177597885346
  ],
  "val_loss": [
    0.08092748850143769
  ],
  "val_acc": [
    0.9687272727272728
  ]
}