{
  "train_loss": [
    0.06823586736345641,
    0.05531443867942587,
    0.04652298397817806,
    0.043381478419794416,
    0.041131434230286416,
    0.04150967672528776,
    0.03992911597875998,
    0.03678664550972153,
    0.0389205864809888,
    0.03782161010046764,
    0.03916660703202098,
    0.04509116240693836,
    0.034929835498934574,
    0.033795819392195885,
    0.03940369447600809,
    0.04442012594281738,
    0.05297750450932899,
    0.04351523822592287,
    0.03655082320860008
  ],
  "train_acc": [
    0.9783853736439231,
    0.982102538686051,
    0.984098793986453,
    0.9852277107770252,
    0.9858747728399141,
    0.9854479872239661,
    0.9863703948455311,
    0.9870725260201553,
    0.986452998513134,
    0.9863153257337959,
    0.9860399801751197,
    0.9842502340437249,
    0.9877746571947794,
    0.9879398645299852,
    0.9858472382840465,
    0.9845806487141362,
    0.9819097967949777,
    0.9849110633845476,
    0.98759568258164
  ],
  "val_loss": [
    0.04225420657155866,
    0.021272252082486044,
    0.014736772921952334,
    0.016722768214615907,
    0.028482223162766208,
    0.03306652320481159,
    0.03015398519757119,
    0.04378690078088336,
    0.03327875354074852,
    0.016158668877048928,
    0.010273236712610179,
    0.03526107632038607,
    0.037807847889944575,
    0.011832720322703773,
    0.046929366285447034,
    0.03637330904975534,
    0.02875480035895651,
    0.0370656681063331,
    0.017327870109033857
  ],
  "val_acc": [
    0.9927272727272727,
    0.992,
    0.9956363636363637,
    0.9963636363636363,
    0.992,
    0.9912727272727273,
    0.9934545454545455,
    0.984,
    0.9883636363636363,
    0.9956363636363637,
    0.9963636363636363,
    0.9905454545454545,
    0.9890909090909091,
    0.9941818181818182,
    0.9832727272727273,
    0.9861818181818182,
    0.992,
    0.984,
    0.9934545454545455
  ]
}