{
  "loss": [
    0.32612738719470463,
    0.20559675878313768,
    0.16817786777261248,
    0.15507604159313015,
    0.12411920579905368,
    0.11952213075083155,
    0.11429829657031836,
    0.11143595033434855,
    0.10892471847778257,
    0.10386761261707321,
    0.09521125971485657,
    0.09172502167549987,
    0.09422815639840144,
    0.09074474888575701,
    0.08863669383409899,
    0.08590357465118381
  ],
  "accuracy": [
    0.8601795253042569,
    0.9233713310204307,
    0.9391348642546395,
    0.9456880885511316,
    0.955793270554546,
    0.9584641224737045,
    0.961713200066083,
    0.9625392367421114,
    0.9629660223580594,
    0.9650311140481304,
    0.9682113552508398,
    0.969409108431081,
    0.9689134864254639,
    0.9705380252216532,
    0.9704967233878518,
    0.9708822071699984
  ],
  "val_loss": [
    0.12408760134198449,
    0.11436947652968493,
    0.08937878069823438,
    0.10727572582865304,
    0.07379329996759242,
    0.04365303168242628,
    0.10135875513286076,
    0.0670135281959718,
    0.09067455240339041,
    0.05372573119774461,
    0.07905422867097976,
    0.038606450210579416,
    0.05762530962818048,
    0.07899502823514525,
    0.05242006048179147,
    0.06935861984250898
  ],
  "val_accuracy": [
    0.9643636363636363,
    0.9687272727272728,
    0.9898181818181818,
    0.9730909090909091,
    0.984,
    0.992,
    0.968,
    0.9781818181818182,
    0.9687272727272728,
    0.984,
    0.9752727272727273,
    0.9898181818181818,
    0.984,
    0.9818181818181818,
    0.9818181818181818,
    0.9796363636363636
  ],
  "val_recall": [
    0.9643636363636363,
    0.9687272727272728,
    0.9898181818181818,
    0.9730909090909091,
    0.984,
    0.992,
    0.968,
    0.9781818181818182,
    0.9687272727272728,
    0.984,
    0.9752727272727273,
    0.9898181818181818,
    0.984,
    0.9818181818181818,
    0.9818181818181818,
    0.9796363636363636
  ],
  "val_precision": [
    0.9659095357554366,
    0.9697743147616186,
    0.9897936161616162,
    0.975994240814714,
    0.9844049299397132,
    0.992052100840336,
    0.972439275802828,
    0.9798416814423461,
    0.9729739929561269,
    0.9847934312178942,
    0.9779556210691362,
    0.9901382151383591,
    0.9851098074769344,
    0.9834591401378405,
    0.9832628099173554,
    0.9814556209842766
  ],
  "val_f1": [
    0.9648589321937496,
    0.9690740605611513,
    0.989802428590394,
    0.9737170921079719,
    0.9841198638480333,
    0.9920183186613449,
    0.968925869049281,
    0.9785598559855986,
    0.9696128421454766,
    0.9841887547430149,
    0.9758321572722737,
    0.9898944588123847,
    0.9842334657037235,
    0.9821454798936459,
    0.9821208807726335,
    0.9800166025373572
  ]
}