{
  "loss": [
    0.4026597378829534,
    0.2441386489274645,
    0.21078344158739223,
    0.1877277636941266,
    0.14539240096799372,
    0.13996930685122244,
    0.13651957768304565,
    0.1311518134009412,
    0.12479885347818145,
    0.12446303330425439,
    0.10717624224022008,
    0.10621500640305019,
    0.10509941849642779,
    0.10104933860389415,
    0.09858458864231967,
    0.09596989053833412,
    0.0934997123887514,
    0.08602890430046103,
    0.08693702764830877,
    0.08588567007977412,
    0.08363255964442033
  ],
  "accuracy": [
    0.8770444407731703,
    0.9426868219615617,
    0.9513739743377939,
    0.9580373368577565,
    0.9700699377719038,
    0.9708133707803294,
    0.9712263891183435,
    0.9720248912385043,
    0.974186353874112,
    0.9735668263670907,
    0.9782890026983865,
    0.9783716063659893,
    0.9782201663087174,
    0.9796932650476348,
    0.9795968941020982,
    0.9806845090588688,
    0.9819235640729115,
    0.9834654992014978,
    0.9832039209207556,
    0.983245222754557,
    0.9834930337573655
  ],
  "val_loss": [
    0.12190041017532349,
    0.06996240776235407,
    0.05099762842871926,
    0.05812194820561192,
    0.021243169288743625,
    0.0419469187760895,
    0.030581464157863097,
    0.031221467509527097,
    0.024666118482297116,
    0.019419641964476216,
    0.011686166535046968,
    0.04052698328955607,
    0.03401574851453982,
    0.07639660100325603,
    0.07296060947701336,
    0.021478292527523906,
    0.016115641621703453,
    0.05499124922383238,
    0.03267574521492828,
    0.013916549299928275,
    0.030300132847475736
  ],
  "val_accuracy": [
    0.9650909090909091,
    0.9818181818181818,
    0.9854545454545455,
    0.984,
    0.9941818181818182,
    0.9890909090909091,
    0.9883636363636363,
    0.9912727272727273,
    0.9898181818181818,
    0.9934545454545455,
    0.9956363636363637,
    0.9847272727272727,
    0.9876363636363636,
    0.9796363636363636,
    0.9781818181818182,
    0.9941818181818182,
    0.9949090909090909,
    0.9810909090909091,
    0.9905454545454545,
    0.9949090909090909,
    0.9883636363636363
  ],
  "val_recall": [
    0.9650909090909091,
    0.9818181818181818,
    0.9854545454545455,
    0.984,
    0.9941818181818182,
    0.9890909090909091,
    0.9883636363636363,
    0.9912727272727273,
    0.9898181818181818,
    0.9934545454545455,
    0.9956363636363637,
    0.9847272727272727,
    0.9876363636363636,
    0.9796363636363636,
    0.9781818181818182,
    0.9941818181818182,
    0.9949090909090909,
    0.9810909090909091,
    0.9905454545454545,
    0.9949090909090909,
    0.9883636363636363
  ],
  "val_precision": [
    0.9671770024492262,
    0.9817918233246247,
    0.9858382512393746,
    0.9846522708936454,
    0.9941738453892331,
    0.9895818769026316,
    0.9884060925763566,
    0.9914860672959329,
    0.9899716887389016,
    0.9935000381970971,
    0.9956298989898988,
    0.9850681944811828,
    0.9884177086853666,
    0.9816727272727273,
    0.9802723121627231,
    0.9941911351410802,
    0.9949029865655464,
    0.9824633044580936,
    0.9905325988185723,
    0.9949479755538579,
    0.9889286179626456
  ],
  "val_f1": [
    0.9656957695769577,
    0.9818041542387058,
    0.9855635125891212,
    0.9841660370047468,
    0.9941637171717171,
    0.9891963089268498,
    0.9883814475844237,
    0.991325310748233,
    0.9898644385026738,
    0.9934695334501913,
    0.9956296122530262,
    0.9848305210541288,
    0.9877909265242145,
    0.9800437136779977,
    0.9786182646549976,
    0.9941545195800154,
    0.9949051631868376,
    0.9813928211734103,
    0.9905381602041271,
    0.9949207482390375,
    0.9884843905489068
  ]
}