{
  "train_loss": [
    0.41516010850393875,
    0.19848572028662062,
    0.15241383337536024,
    0.1398800238043774,
    0.13250004816653674,
    0.1279215906698527,
    0.12482348204994984,
    0.12271160467801834,
    0.12225612358930346,
    0.11830753764987248,
    0.11685486223947254,
    0.11555637874078879,
    0.11593211547350186,
    0.11377626848602237,
    0.11280913738711,
    0.10988109685192156,
    0.11174743189596185,
    0.11072626060909968,
    0.10923997479651926,
    0.1088002490479684,
    0.10816637627865369,
    0.10832886346961783,
    0.10647778344524282,
    0.10533910681874592,
    0.10614576068708298,
    0.10486906515215388,
    0.1037499766772825,
    0.10393690318525661,
    0.1040465041705379,
    0.10351716678028912,
    0.10156716294457414,
    0.09851653056978373,
    0.10180138864872086,
    0.10033440256394986,
    0.10003703490602885,
    0.10150358582903185,
    0.10120896962490027,
    0.09886292102178149,
    0.10054225940508618,
    0.09959975493292995,
    0.09852943463626725,
    0.10018084411344652,
    0.0969556248503455,
    0.0973383496790916,
    0.09702605426802208,
    0.09666725503467136,
    0.09836450215625805,
    0.09627525643514533,
    0.09504901597619851,
    0.0959794847335205,
    0.09579436648235991,
    0.09695343464223999,
    0.09511224846248684,
    0.0923484828526428,
    0.0937056982975626,
    0.09245220310274177,
    0.09511047177165673
  ],
  "train_acc": [
    0.8276887493804725,
    0.9305027809901426,
    0.9483314059144226,
    0.9526130293518366,
    0.9550223029902528,
    0.957142463792059,
    0.9571699983479266,
    0.9578032931328818,
    0.9590561154248582,
    0.9594829010408062,
    0.9590423481469244,
    0.9604053086623713,
    0.9597582465994824,
    0.9604466104961727,
    0.9613139490060025,
    0.9619472437909576,
    0.9610799052811279,
    0.9619197092350901,
    0.9616581309543477,
    0.9620986838482295,
    0.9628834186904566,
    0.9622914257393028,
    0.9633515061402059,
    0.9638608954237569,
    0.9626769095214495,
    0.9637369899223526,
    0.963984800925161,
    0.9634478770857426,
    0.9642188446500358,
    0.9640811718706978,
    0.9640949391486315,
    0.9653890632744094,
    0.9644666556528443,
    0.9656919433889531,
    0.9653202268847404,
    0.9635993171430145,
    0.9642188446500358,
    0.9654028305523432,
    0.9648383721570571,
    0.9656506415551517,
    0.965058648603998,
    0.9643702847073077,
    0.9658158488903574,
    0.9659535216696955,
    0.9664353763973788,
    0.966201332672504,
    0.9655818051654826,
    0.9661600308387026,
    0.9669034638471281,
    0.9661875653945702,
    0.9661875653945702,
    0.9659810562255631,
    0.9669585329588634,
    0.9681425188611708,
    0.9672201112396057,
    0.96734401674101,
    0.9664629109532463
  ],
  "val_loss": [
    0.12228542245518077,
    0.08871144245023077,
    0.08204588456451893,
    0.08665759834918109,
    0.08870090552487156,
    0.07857506354187023,
    0.07377254000746392,
    0.07154733692753044,
    0.07435422724129802,
    0.07227051891318777,
    0.07105164961601523,
    0.06763028440235014,
    0.06882759233581072,
    0.06939637339538471,
    0.06344026461108164,
    0.06529615090152419,
    0.06016751237467609,
    0.06391045587797733,
    0.05980890031074258,
    0.06135257477965206,
    0.05986448773411526,
    0.05276748033240437,
    0.055736228942024436,
    0.05308024493190037,
    0.05643903662984005,
    0.051587242124517534,
    0.057680388710715555,
    0.05108494983723556,
    0.049161240665834736,
    0.0554481055511331,
    0.05452026471275498,
    0.04677721648096022,
    0.05476641048042273,
    0.0524484977719628,
    0.05446820970396088,
    0.049202937388199974,
    0.045281371028416534,
    0.046580470345745036,
    0.0503797271060334,
    0.05260243675912815,
    0.04840905415114354,
    0.0499205655165186,
    0.04934472517643801,
    0.04767251725702293,
    0.04766200949844312,
    0.04612472291421992,
    0.04873167939776216,
    0.046773850874128664,
    0.04603240897252479,
    0.04672666861709546,
    0.04565454569928856,
    0.04511244617995214,
    0.04749850203765726,
    0.048619270152158355,
    0.042966994372069495,
    0.04186546186823398,
    0.041451451215554366
  ],
  "val_acc": [
    0.9694545454545455,
    0.9665454545454546,
    0.9665454545454546,
    0.968,
    0.968,
    0.9709090909090909,
    0.9723636363636363,
    0.9723636363636363,
    0.9730909090909091,
    0.976,
    0.9752727272727273,
    0.9767272727272728,
    0.9767272727272728,
    0.976,
    0.9774545454545455,
    0.9774545454545455,
    0.9796363636363636,
    0.9781818181818182,
    0.9796363636363636,
    0.9796363636363636,
    0.9803636363636363,
    0.9818181818181818,
    0.9818181818181818,
    0.9818181818181818,
    0.9810909090909091,
    0.9818181818181818,
    0.9803636363636363,
    0.984,
    0.9854545454545455,
    0.9818181818181818,
    0.9825454545454545,
    0.986909090909091,
    0.9832727272727273,
    0.984,
    0.9832727272727273,
    0.9854545454545455,
    0.986909090909091,
    0.9861818181818182,
    0.9847272727272727,
    0.984,
    0.9847272727272727,
    0.9847272727272727,
    0.984,
    0.984,
    0.9847272727272727,
    0.9854545454545455,
    0.984,
    0.9847272727272727,
    0.9847272727272727,
    0.9847272727272727,
    0.9847272727272727,
    0.9847272727272727,
    0.9847272727272727,
    0.9847272727272727,
    0.9847272727272727,
    0.9854545454545455,
    0.9854545454545455
  ]
}