{
  "loss": [
    0.3863723496716945,
    0.36582064053682967,
    0.3832056158831965,
    0.38677064745491013,
    0.376960956236719,
    0.3750149765708318,
    0.3832632214804844,
    0.3601988192028209,
    0.3739910545948126,
    0.3779634938160147,
    0.36022288566453786
  ],
  "accuracy": [
    0.8200720965466799,
    0.8204900475419257,
    0.8242777284363408,
    0.819863121049057,
    0.8251136304268325,
    0.8221096076485032,
    0.8212737056580116,
    0.8274384828378872,
    0.8186092680633196,
    0.8228932657645891,
    0.8219267540880831
  ],
  "val_loss": [
    0.17062966278864708,
    0.17135073863337189,
    0.15401677860313265,
    0.15352850094011333,
    0.16507282143892926,
    0.17326874020880703,
    0.16232439558170803,
    0.16229495359442977,
    0.16428278044673342,
    0.2437801332333722,
    0.17804354847801654
  ],
  "val_accuracy": [
    0.9646987218502739,
    0.9640900791235545,
    0.9646987218502739,
    0.9646987218502739,
    0.9646987218502739,
    0.9646987218502739,
    0.9646987218502739,
    0.9646987218502739,
    0.9646987218502739,
    0.9646987218502739,
    0.9646987218502739
  ],
  "val_recall": [
    0.9646987218502739,
    0.9640900791235545,
    0.9646987218502739,
    0.9646987218502739,
    0.9646987218502739,
    0.9646987218502739,
    0.9646987218502739,
    0.9646987218502739,
    0.9646987218502739,
    0.9646987218502739,
    0.9646987218502739
  ],
  "val_precision": [
    0.9306436239395521,
    0.9429366516732726,
    0.9306436239395521,
    0.9306436239395521,
    0.9306436239395521,
    0.9306436239395521,
    0.9306436239395521,
    0.9306436239395521,
    0.9306436239395521,
    0.9306436239395521,
    0.9306436239395521
  ],
  "val_f1": [
    0.9473652256088501,
    0.9482073889954085,
    0.9473652256088501,
    0.9473652256088501,
    0.9473652256088501,
    0.9473652256088501,
    0.9473652256088501,
    0.9473652256088501,
    0.9473652256088501,
    0.9473652256088501,
    0.9473652256088501
  ]
}