{
  "train_loss": [
    0.19067676934354683,
    0.11877372132467472,
    0.11226823457371947,
    0.10733000176880117,
    0.10278378698193848,
    0.0999394330863892,
    0.0963038317245779,
    0.09496983704085628,
    0.09389564912581379,
    0.09043671168664708,
    0.09264178069666282,
    0.0893902596896805,
    0.08762229431866352,
    0.0857486756770508,
    0.08586307907419272,
    0.08278564271155062,
    0.08346952848701404,
    0.08248935335838534,
    0.08068628619355812,
    0.08209859305559142,
    0.0792652781283654,
    0.07809496036068025,
    0.0768868483599308,
    0.0754114419896406,
    0.07456644666486062,
    0.07408695810108933,
    0.07323912588907264,
    0.07333789634109003,
    0.07290593631907348,
    0.06995112738769568,
    0.0681455075204146,
    0.066296759964989,
    0.0681185011194818,
    0.06531602747972641,
    0.06461848406872696,
    0.06502310570990621,
    0.0657739525517166,
    0.062096567676468324,
    0.061953443869332124,
    0.0625672253672723,
    0.06030759383966412,
    0.06089228421106653,
    0.05959431396748987,
    0.05816659474884586,
    0.05673695075236377,
    0.05637726088291065,
    0.055803212306987766,
    0.05670828531537821,
    0.054723933744594826,
    0.053561894914649334,
    0.05082631751720985
  ],
  "train_acc": [
    0.9288782421939534,
    0.9589597444793215,
    0.9614791563412082,
    0.9626218404097142,
    0.964136240982433,
    0.965774547056556,
    0.966201332672504,
    0.9667795583457239,
    0.9675780604658847,
    0.9682113552508398,
    0.9670824384602676,
    0.9684453989757145,
    0.9686794427005893,
    0.9694504102648824,
    0.9693815738752134,
    0.9698771958808304,
    0.9698909631587642,
    0.9707445343906603,
    0.9705930943333884,
    0.9704691888319842,
    0.9709648108376012,
    0.971763312957762,
    0.9722038658516439,
    0.9730712043614737,
    0.9730849716394074,
    0.9723415386309818,
    0.9727958588027975,
    0.9725205132441214,
    0.9732364116966793,
    0.973828404647833,
    0.9744892339886557,
    0.9751913651632799,
    0.9743790957651853,
    0.9754942452778237,
    0.9757282890026984,
    0.9756594526130293,
    0.9747095104355967,
    0.9765130238449253,
    0.9765130238449253,
    0.976113772784845,
    0.9768847403491382,
    0.9769398094608734,
    0.9777245443031004,
    0.9783027699763203,
    0.9784404427556583,
    0.9795142904344953,
    0.9784955118673936,
    0.978894762927474,
    0.9792940139875543,
    0.9802026543311856,
    0.980601905391266
  ],
  "val_loss": [
    0.11247167968800799,
    0.07896458504670723,
    0.07314674689620733,
    0.0830584373490631,
    0.07581803928747434,
    0.0688960552234626,
    0.07341061314728789,
    0.07026532693308862,
    0.06278152171046135,
    0.06416414330150425,
    0.05308249577761374,
    0.05925034471078437,
    0.055349892529214476,
    0.055115737828468396,
    0.05288526110274887,
    0.047191005274251276,
    0.044568021948576314,
    0.053315313513581215,
    0.04933594807762314,
    0.03629525592209856,
    0.05554239264395173,
    0.03740649648131379,
    0.03687432566458698,
    0.03634817357475616,
    0.03930216164980084,
    0.04829832328450654,
    0.05034843245442872,
    0.03738844966873611,
    0.03371044826523443,
    0.03335469610000622,
    0.025249805189351635,
    0.03260019007574936,
    0.04254675761173183,
    0.04447190466788809,
    0.04649853446280626,
    0.03760878077466887,
    0.030253532756056467,
    0.040717681104073894,
    0.04659499385168733,
    0.02911816796382085,
    0.031595901489204894,
    0.04663966673076026,
    0.03335544690233655,
    0.030155750361509324,
    0.040097800948593595,
    0.03250957332981687,
    0.04338506655277028,
    0.03384499887942167,
    0.03314519084587862,
    0.030387313062166372,
    0.0328135125417982
  ],
  "val_acc": [
    0.9592727272727273,
    0.9738181818181818,
    0.9774545454545455,
    0.9745454545454545,
    0.9774545454545455,
    0.9796363636363636,
    0.9781818181818182,
    0.9781818181818182,
    0.9818181818181818,
    0.9832727272727273,
    0.984,
    0.9818181818181818,
    0.9818181818181818,
    0.9810909090909091,
    0.9832727272727273,
    0.9854545454545455,
    0.986909090909091,
    0.9832727272727273,
    0.9854545454545455,
    0.9883636363636363,
    0.984,
    0.9883636363636363,
    0.9883636363636363,
    0.9898181818181818,
    0.9876363636363636,
    0.9854545454545455,
    0.9854545454545455,
    0.9890909090909091,
    0.9883636363636363,
    0.986909090909091,
    0.992,
    0.9876363636363636,
    0.984,
    0.984,
    0.984,
    0.9883636363636363,
    0.9876363636363636,
    0.9832727272727273,
    0.9803636363636363,
    0.9876363636363636,
    0.9876363636363636,
    0.9810909090909091,
    0.9861818181818182,
    0.9883636363636363,
    0.9854545454545455,
    0.9854545454545455,
    0.9818181818181818,
    0.9854545454545455,
    0.9847272727272727,
    0.9861818181818182,
    0.9854545454545455
  ]
}