{
  "train_loss": [
    0.11340317366071043
  ],
  "train_acc": [
    0.9576793876314775
  ],
  "val_loss": [
    0.07128515295595439
  ],
  "val_acc": [
    0.9781818181818182
  ]
}