{
  "train_loss": [
    0.14693154500481861,
    0.11303551314578465,
    0.10795884238783345,
    0.103184937467232,
    0.09994179794805731,
    0.09910770201672188,
    0.10069916060767756,
    0.09388822634689144,
    0.09129060430279196,
    0.09108386643380198,
    0.08616316678148367,
    0.08172677135695525,
    0.07905064200225857,
    0.07485180793292752,
    0.07345318806464554,
    0.06763223990228007,
    0.06524789986796066,
    0.062170670121799616,
    0.058931827518023644,
    0.0551848190485454,
    0.05603222019685422,
    0.05555546329863953,
    0.04912395938511646,
    0.046672395364345746,
    0.044350723795362076,
    0.04203727794895949,
    0.0411880373554423,
    0.040001669342210604,
    0.03534269256208546,
    0.034922090163946366,
    0.03413340906003568,
    0.032076053945636056,
    0.03148844311241135
  ],
  "train_acc": [
    0.9454974954462659,
    0.9612363387978142,
    0.9637124316939891,
    0.9637124316939891,
    0.9651070127504554,
    0.9651070127504554,
    0.964509335154827,
    0.9663592896174863,
    0.9668431238615665,
    0.9682092440801457,
    0.9692907559198543,
    0.9703722677595629,
    0.9705714936247724,
    0.9724214480874317,
    0.9716245446265938,
    0.974214480874317,
    0.9744137067395264,
    0.9754382969034608,
    0.9783413023679417,
    0.9788251366120219,
    0.978882058287796,
    0.9792805100182149,
    0.9817281420765027,
    0.9832081056466302,
    0.9838627049180327,
    0.9836065573770492,
    0.9850580601092896,
    0.984375,
    0.9863957194899818,
    0.9869364754098361,
    0.9871926229508197,
    0.9875910746812386,
    0.9883025956284153
  ],
  "val_loss": [
    0.06648105691034685,
    0.04611584854134443,
    0.06507423192681745,
    0.04018784262743694,
    0.19502849925626917,
    0.0657338393826715,
    0.11233422400666909,
    0.055463963594329965,
    0.06685535509528762,
    0.08331311919844964,
    0.05858391241564161,
    0.055326919985681094,
    0.03934518917819316,
    0.03090768355334347,
    0.08506511748919729,
    0.04849910380725156,
    0.04318424945629456,
    0.04689750368622216,
    0.04440449003299529,
    0.0586981177769432,
    0.044182140779258174,
    0.06510512880756604,
    0.04859481802870604,
    0.04481947466053746,
    0.038767766428264704,
    0.05627594514309683,
    0.0675727980347054,
    0.07825061113201082,
    0.05062009222128175,
    0.05333215106651187,
    0.04392324992303144,
    0.04971991928514432,
    0.07288240667601878
  ],
  "val_acc": [
    0.9781818181818182,
    0.9876363636363636,
    0.9818181818181818,
    0.9876363636363636,
    0.9374545454545454,
    0.9796363636363636,
    0.9629090909090909,
    0.984,
    0.9803636363636363,
    0.976,
    0.9803636363636363,
    0.9825454545454545,
    0.9905454545454545,
    0.9898181818181818,
    0.9745454545454545,
    0.9883636363636363,
    0.986909090909091,
    0.9832727272727273,
    0.9861818181818182,
    0.9803636363636363,
    0.9890909090909091,
    0.978909090909091,
    0.9847272727272727,
    0.9818181818181818,
    0.9876363636363636,
    0.9818181818181818,
    0.9810909090909091,
    0.9774545454545455,
    0.9832727272727273,
    0.9825454545454545,
    0.9861818181818182,
    0.9876363636363636,
    0.9847272727272727
  ]
}