{
  "loss": [
    0.5161690181106782,
    0.25741683650863595,
    0.22180038894774082,
    0.20321028516278675,
    0.19310521182567925,
    0.18416723653104589,
    0.1789713065760758,
    0.1730740215340542,
    0.17070545614743668,
    0.16920204255503113,
    0.16667898708792367,
    0.16542421707195284,
    0.1618312161007226,
    0.16084775137389073,
    0.15887123110527368,
    0.15773596059106973,
    0.157591698170661,
    0.15636250742312563,
    0.1560775313235143,
    0.15544775849008846,
    0.1525278120467998,
    0.1535528808696264,
    0.15251639886207505
  ],
  "accuracy": [
    0.75872667011424,
    0.9135648300503032,
    0.9311239480983499,
    0.9399005688496075,
    0.9444842743641578,
    0.9499935357999154,
    0.9519181044614734,
    0.9552883033237741,
    0.9565958347045272,
    0.9576536129001928,
    0.9587407738235156,
    0.9597926754736495,
    0.9606330214846505,
    0.9615791453152179,
    0.962607540783226,
    0.9630776644257439,
    0.9629248742419256,
    0.9636741337971887,
    0.9640590475295002,
    0.9641912698039584,
    0.9652461097268582,
    0.9648406280851864,
    0.9651021343613371
  ],
  "val_loss": [
    0.12556727680794522,
    0.07371972337708126,
    0.07361139542186937,
    0.08318359104152058,
    0.040377845107071486,
    0.03294381955082106,
    0.03533662349919731,
    0.029120062344162985,
    0.03551317297075451,
    0.04030182666996317,
    0.03027760374061508,
    0.029179520840071558,
    0.02570028595122838,
    0.03756286958861917,
    0.03321054785217758,
    0.026939589751338866,
    0.030126664172730296,
    0.02820216622240075,
    0.028678830061381524,
    0.03247960463137047,
    0.03463328129800728,
    0.03671157942203682,
    0.0299246565810059
  ],
  "val_accuracy": [
    0.9714005876591577,
    0.9874632713026444,
    0.9815866797257591,
    0.9851126346718903,
    0.9911851126346719,
    0.9931439764936337,
    0.992360430950049,
    0.9921645445641528,
    0.9915768854064643,
    0.992360430950049,
    0.992360430950049,
    0.9925563173359452,
    0.9935357492654261,
    0.9911851126346719,
    0.9904015670910872,
    0.9929480901077375,
    0.9933398628795299,
    0.9933398628795299,
    0.9927522037218414,
    0.9913809990205681,
    0.9933398628795299,
    0.990205680705191,
    0.9929480901077375
  ],
  "val_recall": [
    0.9714005876591577,
    0.9874632713026444,
    0.9815866797257591,
    0.9851126346718903,
    0.9911851126346719,
    0.9931439764936337,
    0.992360430950049,
    0.9921645445641528,
    0.9915768854064643,
    0.992360430950049,
    0.992360430950049,
    0.9925563173359452,
    0.9935357492654261,
    0.9911851126346719,
    0.9904015670910872,
    0.9929480901077375,
    0.9933398628795299,
    0.9933398628795299,
    0.9927522037218414,
    0.9913809990205681,
    0.9933398628795299,
    0.990205680705191,
    0.9929480901077375
  ],
  "val_precision": [
    0.974308031705014,
    0.9878986556491868,
    0.9831602433172526,
    0.986336661486195,
    0.9913938418062542,
    0.99312836513942,
    0.9924998961121007,
    0.9921411814852611,
    0.9917259663030612,
    0.992476479181476,
    0.9923428201023475,
    0.9925342901821582,
    0.9935133869659322,
    0.9914233685553638,
    0.9906531146266407,
    0.9929041201117302,
    0.9933398628795299,
    0.9934350705240228,
    0.9928045177267484,
    0.9914955618701826,
    0.993456196007688,
    0.9906170705982047,
    0.9929908058213338
  ],
  "val_f1": [
    0.9723091271364196,
    0.9876071731097134,
    0.9820381989118521,
    0.9854444356828056,
    0.9912544366235191,
    0.9931352574103407,
    0.9924080679590215,
    0.9921512437913796,
    0.9916294082625109,
    0.9924018056015117,
    0.9923507154000938,
    0.992543681601811,
    0.9935220178098224,
    0.9912615693797918,
    0.990484819991329,
    0.9928995709339951,
    0.9933398628795299,
    0.9933731944658613,
    0.9927734776766622,
    0.9914241340146437,
    0.993378665787608,
    0.9903258773870061,
    0.9929658513710604
  ]
}