{
  "train_loss": [
    0.13367252615004382,
    0.06009932238473171,
    0.03971748097287682,
    0.03194692014586179,
    0.02813675178682709,
    0.02540206194243694,
    0.022446622296066303,
    0.020706804092525066,
    0.01879296865858106,
    0.017881204391509645,
    0.017498180053948112,
    0.01633123184609331,
    0.015502548417006544,
    0.014806993712893311,
    0.014222623146820398,
    0.01477877435513033,
    0.013103922421701442,
    0.014122190829146366,
    0.013642379047487134,
    0.012118621463673106
  ],
  "train_acc": [
    0.9473395765628906,
    0.9780589581370306,
    0.986077726285022,
    0.9889621752591197,
    0.990587081514528,
    0.9916158683152895,
    0.9925581216468281,
    0.9928273368844105,
    0.9936638270868988,
    0.9940868796030998,
    0.994336865180855,
    0.9944618579697325,
    0.9946541545680057,
    0.9946541545680057,
    0.9952310443628252,
    0.9952214295329116,
    0.9957502451781628,
    0.9952791185123935,
    0.9957694748379902,
    0.995884852796954
  ],
  "val_loss": [
    0.03902509240110474,
    0.04618403752571445,
    0.037308731597905063,
    0.07091398774779431,
    0.039983264791102695,
    0.038834053179166904,
    0.039834420273979765,
    0.04985062171865173,
    0.04715678169579302,
    0.05719032376182595,
    0.04436481172026681,
    0.07030751516416468,
    0.04896628423715184,
    0.05006089364417505,
    0.04107274453134874,
    0.058694223037131246,
    0.046288707013693114,
    0.05407717500432626,
    0.04776796116807177,
    0.0444928428422419
  ],
  "val_acc": [
    0.992696287279367,
    0.992696287279367,
    0.9933049300060864,
    0.9878271454656117,
    0.992696287279367,
    0.9939135727328059,
    0.992696287279367,
    0.9920876445526476,
    0.9914790018259282,
    0.9890444309190505,
    0.9920876445526476,
    0.9914790018259282,
    0.9920876445526476,
    0.9914790018259282,
    0.9939135727328059,
    0.9914790018259282,
    0.9939135727328059,
    0.992696287279367,
    0.9920876445526476,
    0.9933049300060864
  ]
}