{
  "loss": [
    0.21189700369012485,
    0.17153762396391162,
    0.16079504358249547,
    0.15448883940515462,
    0.15064633035638847,
    0.1485044443263254,
    0.1457618660151256,
    0.142498376771722,
    0.14095660882944072,
    0.14002898787823917,
    0.14013073950041294
  ],
  "accuracy": [
    0.9646507666098807,
    0.9652186257808063,
    0.9652186257808063,
    0.9652186257808063,
    0.9652186257808063,
    0.9652186257808063,
    0.9652186257808063,
    0.9652186257808063,
    0.9653605905735377,
    0.9653605905735377,
    0.9652186257808063
  ],
  "val_loss": [
    0.19972155629971808,
    0.16251988372495096,
    0.15652921286140065,
    0.1514862255554372,
    0.14383050106121176,
    0.14267426029718364,
    0.15666057741268336,
    0.14097372702211233,
    0.14554204244554333,
    0.15506727777634607,
    0.14272647555430018
  ],
  "val_accuracy": [
    0.9646987218502739,
    0.9646987218502739,
    0.9646987218502739,
    0.9646987218502739,
    0.9646987218502739,
    0.9646987218502739,
    0.9646987218502739,
    0.9646987218502739,
    0.9646987218502739,
    0.9646987218502739,
    0.9646987218502739
  ],
  "val_recall": [
    0.9646987218502739,
    0.9646987218502739,
    0.9646987218502739,
    0.9646987218502739,
    0.9646987218502739,
    0.9646987218502739,
    0.9646987218502739,
    0.9646987218502739,
    0.9646987218502739,
    0.9646987218502739,
    0.9646987218502739
  ],
  "val_precision": [
    0.9306436239395521,
    0.9306436239395521,
    0.9306436239395521,
    0.9306436239395521,
    0.9306436239395521,
    0.9306436239395521,
    0.9306436239395521,
    0.9306436239395521,
    0.9306436239395521,
    0.9306436239395521,
    0.9306436239395521
  ],
  "val_f1": [
    0.9473652256088501,
    0.9473652256088501,
    0.9473652256088501,
    0.9473652256088501,
    0.9473652256088501,
    0.9473652256088501,
    0.9473652256088501,
    0.9473652256088501,
    0.9473652256088501,
    0.9473652256088501,
    0.9473652256088501
  ]
}