{
  "train_loss": [
    0.27206592506328153,
    0.12541445462318618,
    0.12014480112089224,
    0.11210993482158457,
    0.11531994455586354,
    0.10967597088141748,
    0.1075825316958559,
    0.10731754016090748,
    0.10701346766667072,
    0.10489632536713211,
    0.10345639292815621,
    0.10137267997233483,
    0.10389515164681774,
    0.10216183707735942,
    0.10164206961590495,
    0.099957348746533,
    0.09809160361582306,
    0.09897421185035749,
    0.09854696888573646,
    0.09749959687500236,
    0.09517973945307123,
    0.09642392141517088,
    0.0969308235308818,
    0.09467986055644534,
    0.09593000869558564,
    0.09364290704533315,
    0.0922865247598756,
    0.0933422565967332,
    0.09218079797905922,
    0.09265672173214626,
    0.0910868306720012,
    0.09105217842045345,
    0.08703672864764488,
    0.08957627035968334,
    0.0892235418892726,
    0.08903610115583933,
    0.08766480524806214,
    0.0858874142057531,
    0.08773075994730875,
    0.088371397100963,
    0.08508170024073396,
    0.0843568160084515,
    0.08495416365729219,
    0.08467964878357798,
    0.08316935450343303
  ],
  "train_acc": [
    0.8876314775042679,
    0.9594140646511372,
    0.9607632578886502,
    0.9624428657965747,
    0.9609835343355911,
    0.9625254694641775,
    0.9619472437909576,
    0.962993556913927,
    0.9634065752519412,
    0.9647006993777191,
    0.9645905611542486,
    0.9646456302659838,
    0.9645354920425133,
    0.9647557684894542,
    0.9656644088330856,
    0.9651963213833361,
    0.9668208601795253,
    0.9654716669420123,
    0.9656919433889531,
    0.9658571507241588,
    0.9666005837325844,
    0.9667107219560549,
    0.9656368742772179,
    0.9667382565119225,
    0.9664078418415111,
    0.9669585329588634,
    0.9686106063109202,
    0.9664904455091139,
    0.9673164821851423,
    0.9677570350790242,
    0.967839638746627,
    0.9685830717550525,
    0.9698221267690952,
    0.9683627953081116,
    0.968555537199185,
    0.9683352607522441,
    0.9689134864254639,
    0.9694917120986839,
    0.9689410209813316,
    0.9694366429869486,
    0.9700148686601685,
    0.969904730436698,
    0.9695743157662867,
    0.9697119885456248,
    0.9699597995484333
  ],
  "val_loss": [
    0.12186575594205748,
    0.11750344085981222,
    0.08681120855166492,
    0.08526543530686335,
    0.10705206818768585,
    0.08436723917392505,
    0.07997837136355652,
    0.086711108118719,
    0.07168539601970803,
    0.0893242863741788,
    0.08287151180525226,
    0.08081770827727054,
    0.09623805184607309,
    0.08277758529147303,
    0.11421603775312278,
    0.07628372781990435,
    0.08599398214137181,
    0.09229824551592836,
    0.10444811543496325,
    0.11857573370652442,
    0.09486510415582664,
    0.06800486634087495,
    0.07849887934420258,
    0.10108033821782605,
    0.0693902173477479,
    0.1204768108015626,
    0.08119583268709142,
    0.0900133394760249,
    0.11674469531501051,
    0.10678634158204395,
    0.0832054011607966,
    0.08394906078702347,
    0.1202368391230279,
    0.11228322566613894,
    0.11715605293760414,
    0.1102831234481101,
    0.12102770961452783,
    0.11827759205088527,
    0.1313782541965219,
    0.10647022238809785,
    0.11147791741017929,
    0.11362915082551031,
    0.13469960221284155,
    0.169051364377522,
    0.10605992542766035
  ],
  "val_acc": [
    0.9549090909090909,
    0.9621818181818181,
    0.9745454545454545,
    0.976,
    0.9658181818181818,
    0.9738181818181818,
    0.9767272727272728,
    0.9730909090909091,
    0.976,
    0.9723636363636363,
    0.9730909090909091,
    0.9745454545454545,
    0.9687272727272728,
    0.9723636363636363,
    0.9614545454545455,
    0.9738181818181818,
    0.9709090909090909,
    0.9687272727272728,
    0.9672727272727273,
    0.9629090909090909,
    0.9665454545454546,
    0.9774545454545455,
    0.9730909090909091,
    0.9665454545454546,
    0.9774545454545455,
    0.9607272727272728,
    0.9738181818181818,
    0.9709090909090909,
    0.9643636363636363,
    0.9665454545454546,
    0.9745454545454545,
    0.9752727272727273,
    0.9592727272727273,
    0.9643636363636363,
    0.9629090909090909,
    0.9658181818181818,
    0.9629090909090909,
    0.9614545454545455,
    0.9578181818181818,
    0.968,
    0.9665454545454546,
    0.9665454545454546,
    0.952,
    0.9418181818181818,
    0.9658181818181818
  ]
}