{
  "test_loss": 0.0568057277362277,
  "test_accuracy": 0.9774872912127814,
  "test_precision_weighted": 0.9773462395583844,
  "test_recall_weighted": 0.9774872912127814,
  "test_f1_weighted": 0.9772223718285172,
  "test_precision_macro": 0.9732792501899363,
  "test_recall_macro": 0.9515098823595005,
  "test_f1_macro": 0.9619453540026156,
  "best_val_accuracy": 0.9796363636363636,
  "best_epoch": 15,
  "checkpoint_path": "trained_models/new_resnet18_finetune_checkpoint.pt",
  "best_model_path": "trained_models/new_resnet18_finetune_best.pt",
  "class_labels": [
    "n",
    "y"
  ],
  "confusion_matrix": [
    [
      1113,
      8
    ],
    [
      23,
      233
    ]
  ]
}