{
  "loss": [
    0.20647918094585865,
    0.11696369472534046,
    0.11764889161484782,
    0.09662364481964371,
    0.07902123677398075,
    0.07369451136635871,
    0.0808710399137876,
    0.0765102148310824,
    0.06965988365927814,
    0.07336964181022414,
    0.08428077363025464
  ],
  "accuracy": [
    0.9177077581446714,
    0.9578990658936131,
    0.9601998205411375,
    0.9662968203570771,
    0.9728913583655439,
    0.9746399318976624,
    0.9750253083011228,
    0.974303446530462,
    0.9759398582735137,
    0.9747866050064421,
    0.974530646051905
  ],
  "val_loss": [
    0.038730672831288435,
    0.0302526800112624,
    0.03538580063003102,
    0.03739357153762498,
    0.029396512171307815,
    0.0386702097466109,
    0.05458321952961281,
    0.029530757334296307,
    0.02742567627701784,
    0.028915875233074866,
    0.030808875085273607
  ],
  "val_accuracy": [
    0.9941747572815534,
    0.993311758360302,
    0.9918015102481121,
    0.9911542610571736,
    0.9939590075512406,
    0.9924487594390508,
    0.9855447680690399,
    0.9941747572815534,
    0.993311758360302,
    0.9928802588996763,
    0.9935275080906149
  ],
  "val_recall": [
    0.9941747572815534,
    0.993311758360302,
    0.9918015102481121,
    0.9911542610571736,
    0.9939590075512406,
    0.9924487594390508,
    0.9855447680690399,
    0.9941747572815534,
    0.993311758360302,
    0.9928802588996763,
    0.9935275080906149
  ],
  "val_precision": [
    0.9941613141235636,
    0.9933060408691574,
    0.9920040535098339,
    0.9914499611847337,
    0.9939412479700777,
    0.992549737001131,
    0.986088987680721,
    0.9942222470211611,
    0.9933060408691574,
    0.9930522313775552,
    0.9936077295639482
  ],
  "val_f1": [
    0.994166959244472,
    0.9933087808755683,
    0.991865780232745,
    0.9912423616174415,
    0.9939482124892056,
    0.9924852271786135,
    0.985725057684657,
    0.9941927425356437,
    0.9933087808755683,
    0.9929330320691315,
    0.9935559573144246
  ]
}