{
  "train_loss": [
    0.2683007715823061,
    0.14059325026994857,
    0.10002622575423416,
    0.07799403894117923,
    0.06270328256554153,
    0.05092030742550768,
    0.04307832407308751,
    0.037398942464638554,
    0.03225696112865946,
    0.028633090661570337,
    0.023958370425280227,
    0.02270168506061847,
    0.01937914343632359,
    0.018346264641093207,
    0.016699423243443562,
    0.01513023711513168,
    0.014603225804168054,
    0.013596676765989742,
    0.0126888753803915,
    0.011715257884377396
  ],
  "train_acc": [
    0.8817952810414784,
    0.9441762975212968,
    0.9615214506855374,
    0.9710882064496279,
    0.9777993577293618,
    0.9823087129588678,
    0.9850200949945196,
    0.986981520296906,
    0.9887506490010192,
    0.9901447993384997,
    0.9917600907639944,
    0.9923177508989866,
    0.9935965232775033,
    0.9937022864065534,
    0.9943464800107686,
    0.9950099032748111,
    0.9949425994654154,
    0.995461800280753,
    0.9959521566063496,
    0.9961348383747092
  ],
  "val_loss": [
    0.11343406963406433,
    0.06636433946382542,
    0.07038193829561687,
    0.060935366157344836,
    0.04536377019586174,
    0.049123267719677434,
    0.04077374374656074,
    0.04772251978634482,
    0.040409289168934236,
    0.03780648212061375,
    0.0436820355643605,
    0.043712589193681935,
    0.042143456900874364,
    0.03994223476363186,
    0.04281068759461909,
    0.047564083568602165,
    0.04486387135824886,
    0.041900453736469355,
    0.043462652642205044,
    0.04938953295032643
  ],
  "val_acc": [
    0.9573950091296409,
    0.9829580036518564,
    0.9786975045648204,
    0.9829580036518564,
    0.9878271454656117,
    0.9872185027388922,
    0.9896530736457699,
    0.9878271454656117,
    0.9920876445526476,
    0.9933049300060864,
    0.992696287279367,
    0.992696287279367,
    0.9933049300060864,
    0.992696287279367,
    0.9920876445526476,
    0.992696287279367,
    0.9920876445526476,
    0.9920876445526476,
    0.9920876445526476,
    0.9920876445526476
  ]
}