{
  "train_loss": [
    0.1717136706482984,
    0.11322130222806742,
    0.10775853723662594,
    0.10237631822933518,
    0.09915425593671547,
    0.09529863947695658,
    0.09349278673989977,
    0.09022095750949018,
    0.0906159822661923,
    0.08819944444216848,
    0.08699300597828583,
    0.08462124886391768,
    0.08354898655099965,
    0.08145037420051753,
    0.0806626123719045,
    0.07760458758307144,
    0.07821945164895683,
    0.07548459201109121,
    0.07336339424265541,
    0.07383490173743418,
    0.07192299852190882,
    0.06944861898996854,
    0.06944238460720738,
    0.06718989492124927,
    0.06605845673761725,
    0.06661837638775166,
    0.06509149242406886,
    0.06339583305545692,
    0.06326867742049033,
    0.06079738731934797,
    0.057885396447900674,
    0.05652467625749959,
    0.05707608903747714,
    0.05625984869676626,
    0.0558753844851754,
    0.055626986451987374,
    0.05468111177633034,
    0.05013381537115451,
    0.05033028726745258,
    0.052991528240645326,
    0.04962807063558394,
    0.04982724038269522,
    0.04797786931873018,
    0.047370824919568066,
    0.04534995281778871
  ],
  "train_acc": [
    0.9360096921636654,
    0.9609973016135249,
    0.962566771297979,
    0.9643014483176386,
    0.9649485103805275,
    0.9672063439616719,
    0.9668346274574591,
    0.9681838206949722,
    0.968555537199185,
    0.9688171154799273,
    0.9687758136461259,
    0.9700424032160361,
    0.9700011013822347,
    0.9702902142188446,
    0.9712814582300787,
    0.9717220111239606,
    0.9711300181728069,
    0.9726306514675919,
    0.97219009857371,
    0.9732914808084145,
    0.9738972410375021,
    0.9742001211520458,
    0.9737182664243625,
    0.9752051324412138,
    0.9750261578280742,
    0.9755630816674927,
    0.9755493143895589,
    0.9759761000055069,
    0.9764166528993887,
    0.9769811112946748,
    0.9781237953631808,
    0.9786607192025992,
    0.9780687262514456,
    0.9788672283716063,
    0.9790462029847459,
    0.9787570901481359,
    0.9791976430420177,
    0.9810149237292802,
    0.9806845090588688,
    0.979679497769701,
    0.981180131064486,
    0.9812214328982873,
    0.9821989096315876,
    0.9823090478550581,
    0.982818437138609
  ],
  "val_loss": [
    0.06839186789129267,
    0.0567470085835931,
    0.044765379816039716,
    0.05806126334060999,
    0.04530788491065191,
    0.045991000436119395,
    0.043269257456826214,
    0.04998073647188192,
    0.040192148902453484,
    0.04132487401099537,
    0.03580922196098519,
    0.03101115434718403,
    0.03624906331702898,
    0.03361525691586377,
    0.024010185069954868,
    0.02415599138183858,
    0.025481898654294625,
    0.035330627180911095,
    0.02938117902833884,
    0.02350539719048803,
    0.03856571631042541,
    0.02991367834306915,
    0.027728121411499822,
    0.029107652404303238,
    0.022914497288727118,
    0.030208768585061822,
    0.030438681949236938,
    0.025896142092152415,
    0.018100804241797462,
    0.030662121772438034,
    0.020464210076479833,
    0.0217939749635883,
    0.02914010888845025,
    0.03892992184329143,
    0.029999311706749722,
    0.03414181865323123,
    0.026009205731901932,
    0.025702459682340056,
    0.03220544997110582,
    0.02731404980744066,
    0.02808774635989473,
    0.027321922215474345,
    0.030886756897141987,
    0.021383657628384588,
    0.029010663119239985
  ],
  "val_acc": [
    0.976,
    0.9803636363636363,
    0.9861818181818182,
    0.9832727272727273,
    0.986909090909091,
    0.9861818181818182,
    0.986909090909091,
    0.9847272727272727,
    0.9861818181818182,
    0.9854545454545455,
    0.9883636363636363,
    0.9905454545454545,
    0.9854545454545455,
    0.9876363636363636,
    0.9912727272727273,
    0.992,
    0.992,
    0.9876363636363636,
    0.9898181818181818,
    0.9927272727272727,
    0.986909090909091,
    0.992,
    0.9898181818181818,
    0.9898181818181818,
    0.9949090909090909,
    0.992,
    0.9898181818181818,
    0.992,
    0.9934545454545455,
    0.9898181818181818,
    0.9934545454545455,
    0.992,
    0.9890909090909091,
    0.9854545454545455,
    0.9898181818181818,
    0.9854545454545455,
    0.986909090909091,
    0.9905454545454545,
    0.9876363636363636,
    0.9912727272727273,
    0.9883636363636363,
    0.9890909090909091,
    0.9883636363636363,
    0.992,
    0.9883636363636363
  ]
}