{
  "train_loss": [
    0.12011985424861908
  ],
  "train_acc": [
    0.9597720138774162
  ],
  "val_loss": [
    0.055085677672516216
  ],
  "val_acc": [
    0.9832727272727273
  ]
}