{
  "test_loss": 0.07688899152116145,
  "test_accuracy": 0.9760348583877996,
  "test_precision_weighted": 0.9763636432790577,
  "test_recall_weighted": 0.9760348583877996,
  "test_f1_weighted": 0.9761596024733394,
  "test_precision_macro": 0.9560024646561462,
  "test_recall_macro": 0.9655971479500891,
  "test_f1_macro": 0.9607091564500327,
  "best_val_accuracy": 0.9687272727272728,
  "best_epoch": 100,
  "checkpoint_path": "trained_models/resnet18_A_finetune_onthefly_checkpoint.pt",
  "best_model_path": "trained_models/resnet18_A_finetune_onthefly_best.pt",
  "class_labels": [
    "n",
    "y"
  ],
  "confusion_matrix": [
    [
      1102,
      20
    ],
    [
      13,
      242
    ]
  ],
  "train_original_class_counts": {
    "n": 5238,
    "y": 1182
  },
  "train_effective_class_counts": {
    "n": 41904,
    "y": 30732
  }
}