{
  "loss": [
    0.28418199023017177,
    0.1437565938140999,
    0.11563974402876345,
    0.10690094381654927,
    0.07259050279707406,
    0.07022944072743449,
    0.06288836084899786,
    0.05785948755261634,
    0.05284585786761528,
    0.04882755176271092,
    0.03780187406067427,
    0.03686360537118011,
    0.03367298294104214,
    0.033806575075146686,
    0.032238924307801856,
    0.027147525757851683,
    0.03189378174838757,
    0.02998248272798742,
    0.019365978720952574
  ],
  "accuracy": [
    0.8857453604273363,
    0.9514152761715954,
    0.962139985682031,
    0.96463186298805,
    0.9758246599482351,
    0.976182609174514,
    0.9782614681425189,
    0.980175119775318,
    0.9809323200616774,
    0.9834930337573655,
    0.9867421113497439,
    0.9867696459056116,
    0.9880087009196542,
    0.9880637700313893,
    0.9886695302604769,
    0.9903904400022028,
    0.9900600253317914,
    0.9898122143289829,
    0.9930337573654937
  ],
  "val_loss": [
    0.07238651608337056,
    0.07500923627614975,
    0.05044789578122171,
    0.04731526391614567,
    0.04777100163461132,
    0.02039603867720474,
    0.04530947362445295,
    0.11462104308893058,
    0.012592355366796254,
    0.02078199192136526,
    0.03716216738538986,
    0.05728858486867764,
    0.04631508674184178,
    0.019985039867418394,
    0.03297335503656756,
    0.02903897208645305,
    0.030724063821814276,
    0.018309077170084825,
    0.022738268521699037
  ],
  "val_accuracy": [
    0.9781818181818182,
    0.9847272727272727,
    0.9876363636363636,
    0.9861818181818182,
    0.9854545454545455,
    0.9941818181818182,
    0.9883636363636363,
    0.9629090909090909,
    0.9963636363636363,
    0.9927272727272727,
    0.9876363636363636,
    0.9745454545454545,
    0.9905454545454545,
    0.9934545454545455,
    0.9854545454545455,
    0.992,
    0.986909090909091,
    0.9941818181818182,
    0.9941818181818182
  ],
  "val_recall": [
    0.9781818181818182,
    0.9847272727272727,
    0.9876363636363636,
    0.9861818181818182,
    0.9854545454545455,
    0.9941818181818182,
    0.9883636363636363,
    0.9629090909090909,
    0.9963636363636363,
    0.9927272727272727,
    0.9876363636363636,
    0.9745454545454545,
    0.9905454545454545,
    0.9934545454545455,
    0.9854545454545455,
    0.992,
    0.986909090909091,
    0.9941818181818182,
    0.9941818181818182
  ],
  "val_precision": [
    0.9783630273273737,
    0.9846514042135543,
    0.9881544913695858,
    0.986856712994546,
    0.9860777199166455,
    0.9942229724298689,
    0.9889286179626456,
    0.9687955716709776,
    0.9963597824812043,
    0.9927990190104801,
    0.9881544913695858,
    0.9773865940915676,
    0.9909032793122571,
    0.9936072318652963,
    0.9860777199166455,
    0.992103436514621,
    0.9873813926847231,
    0.9941738453892331,
    0.9941708282828281
  ],
  "val_f1": [
    0.977751702042451,
    0.9846677182158023,
    0.9877558167837631,
    0.9863350500153925,
    0.9856054881861332,
    0.994145222439352,
    0.9884843905489068,
    0.9641387371522941,
    0.9963608308477411,
    0.9927494177979193,
    0.9877558167837631,
    0.9751377898318652,
    0.9906231592000015,
    0.9934891454944805,
    0.9856054881861332,
    0.9920303681436069,
    0.9870261516709852,
    0.9941637171717171,
    0.9941728163373682
  ]
}