{
  "loss": [
    0.361992768745957,
    0.21812414837316654,
    0.1744478631855326,
    0.16051236839103464,
    0.12926740893672836,
    0.12452581688311205,
    0.11733760372205508,
    0.11438421700918056,
    0.111278113251206,
    0.10504994123252591,
    0.0949160476796318,
    0.09509622905244591,
    0.09201603741222719,
    0.08873735106810644,
    0.08667393831153675,
    0.085565307058053,
    0.08437433025994942,
    0.07946829665338384,
    0.0723905766326295,
    0.07383931935177356,
    0.07086649433445501,
    0.0720880096855717,
    0.07327438764890797,
    0.06917299741146828,
    0.06476771140911042,
    0.06443154122673246,
    0.06154703915320627,
    0.06130785499694542,
    0.06208529539273568,
    0.06164014752708272,
    0.05894582477171579,
    0.05653463616227436,
    0.05471572084710871,
    0.05526072956903521,
    0.053811130241758466,
    0.052724640457337796,
    0.05200872148296202,
    0.05080467368012406,
    0.046552398098708904,
    0.04949230354148395,
    0.048769154788841,
    0.04732351093050136,
    0.04751321936460207,
    0.04507375664377575,
    0.04442014187310566,
    0.04224019868746486,
    0.042733834817221074,
    0.04281810201506329,
    0.040786461648312004,
    0.041911815693018835,
    0.03884535878585913,
    0.03901608326522655
  ],
  "accuracy": [
    0.8451318905226058,
    0.9185527837435982,
    0.9377030673495237,
    0.9439947133652734,
    0.9549121647667823,
    0.9566743763423096,
    0.9595242028746076,
    0.959923453934688,
    0.9621124511261633,
    0.9643152155955724,
    0.9685417699212512,
    0.9687345118123245,
    0.968624373588854,
    0.9705104906657855,
    0.9706343961671898,
    0.9715017346770196,
    0.9716394074563577,
    0.9734704554215541,
    0.9756594526130293,
    0.9748334159370009,
    0.9756732198909631,
    0.9758384272261689,
    0.9747783468252658,
    0.976540558400793,
    0.9779035189162398,
    0.9777796134148357,
    0.9790599702626797,
    0.9788121592598711,
    0.978536813701195,
    0.9783578390880555,
    0.9796106613800319,
    0.9806845090588688,
    0.9808634836720084,
    0.9807258108926703,
    0.9810011564513464,
    0.9816482185142353,
    0.9818684949611762,
    0.9824191860785285,
    0.9836307065367036,
    0.982391651522661,
    0.9826394625254694,
    0.9832727573104246,
    0.9826669970813371,
    0.9844154413789306,
    0.9843328377113277,
    0.9849798997742166,
    0.9848972961066138,
    0.9844429759347981,
    0.9852552453328928,
    0.9854066853901646,
    0.9860537474530536,
    0.9860124456192522
  ],
  "val_loss": [
    0.1383775826475837,
    0.09623704950782386,
    0.06456133631684563,
    0.09158207256685603,
    0.06588572498072277,
    0.07187187558141622,
    0.06854434856332162,
    0.06297984477437356,
    0.0859782618578862,
    0.06281937029415911,
    0.04980163825100119,
    0.04119143048555336,
    0.06155609921846454,
    0.06445514030754566,
    0.03193054281336001,
    0.034203970773314885,
    0.059222580929371445,
    0.03622116511332041,
    0.0399660202302462,
    0.0299368923087816,
    0.02792879981251264,
    0.03727470682777295,
    0.03079662576580251,
    0.035708924511892046,
    0.04122996696651998,
    0.03206813912838698,
    0.034182854289823976,
    0.032959781513845716,
    0.029778199865906078,
    0.03357239695943215,
    0.029157213224690746,
    0.020331334919838066,
    0.013611255104145544,
    0.025170915393328126,
    0.03358465539846061,
    0.02200161636561494,
    0.02427488245773764,
    0.026995102705994874,
    0.016722785408502784,
    0.027787363079418852,
    0.025674609679231335,
    0.018307093577290122,
    0.01718642623062161,
    0.0178718339236432,
    0.02090875340600244,
    0.02252699099668958,
    0.02122443289629353,
    0.03493261047379135,
    0.028128638861505104,
    0.013786955612706316,
    0.01817495454558891,
    0.015689809553494506
  ],
  "val_accuracy": [
    0.9476363636363636,
    0.9781818181818182,
    0.9810909090909091,
    0.9716363636363636,
    0.9825454545454545,
    0.9832727272727273,
    0.9796363636363636,
    0.9818181818181818,
    0.9723636363636363,
    0.9752727272727273,
    0.984,
    0.9898181818181818,
    0.9818181818181818,
    0.976,
    0.9905454545454545,
    0.9890909090909091,
    0.9803636363636363,
    0.9876363636363636,
    0.9898181818181818,
    0.9890909090909091,
    0.9912727272727273,
    0.986909090909091,
    0.9898181818181818,
    0.9912727272727273,
    0.986909090909091,
    0.9883636363636363,
    0.9912727272727273,
    0.9898181818181818,
    0.9876363636363636,
    0.9890909090909091,
    0.992,
    0.9949090909090909,
    0.9949090909090909,
    0.9927272727272727,
    0.9861818181818182,
    0.9941818181818182,
    0.992,
    0.992,
    0.9949090909090909,
    0.992,
    0.9912727272727273,
    0.9970909090909091,
    0.9949090909090909,
    0.9941818181818182,
    0.9934545454545455,
    0.9927272727272727,
    0.992,
    0.9883636363636363,
    0.9912727272727273,
    0.9941818181818182,
    0.9941818181818182,
    0.9949090909090909
  ],
  "val_recall": [
    0.9476363636363636,
    0.9781818181818182,
    0.9810909090909091,
    0.9716363636363636,
    0.9825454545454545,
    0.9832727272727273,
    0.9796363636363636,
    0.9818181818181818,
    0.9723636363636363,
    0.9752727272727273,
    0.984,
    0.9898181818181818,
    0.9818181818181818,
    0.976,
    0.9905454545454545,
    0.9890909090909091,
    0.9803636363636363,
    0.9876363636363636,
    0.9898181818181818,
    0.9890909090909091,
    0.9912727272727273,
    0.986909090909091,
    0.9898181818181818,
    0.9912727272727273,
    0.986909090909091,
    0.9883636363636363,
    0.9912727272727273,
    0.9898181818181818,
    0.9876363636363636,
    0.9890909090909091,
    0.992,
    0.9949090909090909,
    0.9949090909090909,
    0.9927272727272727,
    0.9861818181818182,
    0.9941818181818182,
    0.992,
    0.992,
    0.9949090909090909,
    0.992,
    0.9912727272727273,
    0.9970909090909091,
    0.9949090909090909,
    0.9941818181818182,
    0.9934545454545455,
    0.9927272727272727,
    0.992,
    0.9883636363636363,
    0.9912727272727273,
    0.9941818181818182,
    0.9941818181818182,
    0.9949090909090909
  ],
  "val_precision": [
    0.9490160453186413,
    0.9789504748016447,
    0.9819501556028676,
    0.974091895028144,
    0.9830933638818428,
    0.9843184759515581,
    0.9814556209842766,
    0.9830771769065779,
    0.9757031864179978,
    0.9772443282798141,
    0.9849460030165913,
    0.9901382151383591,
    0.9832628099173554,
    0.9782881976747968,
    0.990809565349527,
    0.9894719578640577,
    0.9820536739831289,
    0.9882802461806234,
    0.9902400785533099,
    0.9894719578640577,
    0.9915715364380208,
    0.9876367068329208,
    0.9901382151383591,
    0.9916694214876033,
    0.9876367068329208,
    0.9889286179626456,
    0.9915715364380208,
    0.9903540669856459,
    0.9882802461806234,
    0.9895818769026316,
    0.9923346007604563,
    0.9949907339967969,
    0.9949479755538579,
    0.9929234532283859,
    0.986997946009569,
    0.9942448005524414,
    0.9922449080666131,
    0.9922449080666131,
    0.9949907339967969,
    0.9922449080666131,
    0.9915715364380208,
    0.9971067912188537,
    0.994918644712646,
    0.9942963048485731,
    0.9936072318652963,
    0.9930048577376821,
    0.9922449080666131,
    0.9889286179626456,
    0.9915715364380208,
    0.9942448005524414,
    0.9942448005524414,
    0.9949907339967969
  ],